{"cameraMode":{"drawMode":0,"name":"Shaded","section":"Shading Mode"},"sceneLighting":false,"audioPlay":false,"sceneViewState":{"showFog":true,"showMaterialUpdate":false,"showSkybox":true,"showFlares":true,"showImageEffects":true,"showParticleSystems":true},"in2DMode":false,"pivot":{"x":-0.0007843524217605591,"y":0.815326988697052,"z":0.0},"rotation":{"x":-0.17888900637626649,"y":0.3703014552593231,"z":-0.07290825992822647,"w":-0.908603310585022},"size":3.127981185913086,"orthographic":false}