{"cameraMode":{"drawMode":0,"name":"Shaded","section":"Shading Mode"},"sceneLighting":false,"audioPlay":false,"sceneViewState":{"showFog":true,"showMaterialUpdate":false,"showSkybox":true,"showFlares":true,"showImageEffects":true,"showParticleSystems":true},"in2DMode":false,"pivot":{"x":-3.647189140319824,"y":-0.04092073440551758,"z":-0.06777477264404297},"rotation":{"x":-0.26841777563095095,"y":0.2795183062553406,"z":-0.08171138912439347,"w":-0.9182291030883789},"size":34.078369140625,"orthographic":false}