{"cameraMode":{"drawMode":0,"name":"Shaded","section":"Shading Mode"},"sceneLighting":false,"audioPlay":false,"sceneViewState":{"showFog":true,"showMaterialUpdate":false,"showSkybox":true,"showFlares":true,"showImageEffects":true,"showParticleSystems":true},"in2DMode":false,"pivot":{"x":146.83755493164063,"y":417.6526794433594,"z":14.405029296875},"rotation":{"x":-0.02039056457579136,"y":-0.02399410866200924,"z":0.00048757175682112575,"w":-0.999504029750824},"size":322.4013671875,"orthographic":false}