{"cameraMode":{"drawMode":0,"name":"Shaded","section":"Shading Mode"},"sceneLighting":true,"audioPlay":false,"sceneViewState":{"showFog":true,"showMaterialUpdate":false,"showSkybox":true,"showFlares":true,"showImageEffects":true,"showParticleSystems":true},"in2DMode":false,"pivot":{"x":-0.5853557586669922,"y":3.189934253692627,"z":-1.579146385192871},"rotation":{"x":0.23493210971355439,"y":-0.6253767013549805,"z":0.2054511457681656,"w":0.7151928544044495},"size":33.277870178222659,"orthographic":false}