{"cameraMode":{"drawMode":0,"name":"Shaded","section":"Shading Mode"},"sceneLighting":true,"audioPlay":false,"sceneViewState":{"showFog":true,"showMaterialUpdate":false,"showSkybox":true,"showFlares":true,"showImageEffects":true,"showParticleSystems":true},"in2DMode":false,"pivot":{"x":-0.006902813911437988,"y":1.5290937423706055,"z":0.04660826921463013},"rotation":{"x":0.11072339117527008,"y":-0.8707903027534485,"z":0.22922419011592866,"w":0.4206196665763855},"size":38.446739196777347,"orthographic":false}