{"cameraMode":{"drawMode":0,"name":"Shaded","section":"Shading Mode"},"sceneLighting":false,"audioPlay":false,"sceneViewState":{"showFog":true,"showMaterialUpdate":false,"showSkybox":true,"showFlares":true,"showImageEffects":true,"showParticleSystems":true},"in2DMode":false,"pivot":{"x":349.5448303222656,"y":209.38275146484376,"z":-42.101806640625},"rotation":{"x":-0.02489345148205757,"y":-0.011997401714324952,"z":0.00029684664332307875,"w":-0.9996181130409241},"size":726.3154907226563,"orthographic":false}