{"cameraMode":{"drawMode":0,"name":"Shaded","section":"Shading Mode"},"sceneLighting":false,"audioPlay":false,"sceneViewState":{"showFog":true,"showMaterialUpdate":false,"showSkybox":true,"showFlares":true,"showImageEffects":true,"showParticleSystems":true},"in2DMode":false,"pivot":{"x":0.0024881362915039064,"y":1.7197208404541016,"z":0.32499992847442629},"rotation":{"x":-0.03222426772117615,"y":0.9288575649261475,"z":-0.08326103538274765,"w":-0.35951754450798037},"size":12.065160751342774,"orthographic":false}