{"cameraMode":{"drawMode":0,"name":"Shaded","section":"Shading Mode"},"sceneLighting":false,"audioPlay":false,"sceneViewState":{"showFog":true,"showMaterialUpdate":false,"showSkybox":true,"showFlares":true,"showImageEffects":true,"showParticleSystems":true},"in2DMode":false,"pivot":{"x":-4.2548065185546879,"y":5.0,"z":17.724594116210939},"rotation":{"x":0.20282688736915589,"y":0.2663863003253937,"z":-0.057446543127298358,"w":0.9405345916748047},"size":61.56584930419922,"orthographic":false}