{"cameraMode":{"drawMode":0,"name":"Shaded","section":"Shading Mode"},"sceneLighting":true,"audioPlay":false,"sceneViewState":{"showFog":true,"showMaterialUpdate":false,"showSkybox":true,"showFlares":true,"showImageEffects":true,"showParticleSystems":true},"in2DMode":false,"pivot":{"x":0.5636039972305298,"y":2.34433650970459,"z":-0.43184757232666018},"rotation":{"x":-0.2620786130428314,"y":0.21769386529922486,"z":-0.06081273406744003,"w":-0.9382036328315735},"size":138.0745391845703,"orthographic":false}