{"cameraMode":{"drawMode":0,"name":"Shaded","section":"Shading Mode"},"sceneLighting":false,"audioPlay":false,"sceneViewState":{"showFog":true,"showMaterialUpdate":false,"showSkybox":true,"showFlares":true,"showImageEffects":true,"showParticleSystems":true},"in2DMode":false,"pivot":{"x":6.400000095367432,"y":0.0,"z":0.929999828338623},"rotation":{"x":0.21274684369564057,"y":-0.18485170602798463,"z":0.041025884449481967,"w":0.9585852026939392},"size":5.71577787399292,"orthographic":false}