{"cameraMode":{"drawMode":0,"name":"Shaded","section":"Shading Mode"},"sceneLighting":false,"audioPlay":false,"sceneViewState":{"showFog":true,"showMaterialUpdate":false,"showSkybox":true,"showFlares":true,"showImageEffects":true,"showParticleSystems":true},"in2DMode":false,"pivot":{"x":0.8862835168838501,"y":1.4006403684616089,"z":-2.0418426990509035},"rotation":{"x":0.1897248476743698,"y":0.4714604616165161,"z":-0.1046348363161087,"w":0.854857325553894},"size":4.605669975280762,"orthographic":false}