{"cameraMode":{"drawMode":0,"name":"Shaded","section":"Shading Mode"},"sceneLighting":true,"audioPlay":false,"sceneViewState":{"showFog":true,"showMaterialUpdate":false,"showSkybox":true,"showFlares":true,"showImageEffects":true,"showParticleSystems":true},"in2DMode":false,"pivot":{"x":-0.16432993113994599,"y":-0.34646159410476687,"z":-0.32164308428764346},"rotation":{"x":0.03643365949392319,"y":-0.9350478053092957,"z":0.1008104532957077,"w":0.33792808651924136},"size":25.458473205566408,"orthographic":false}