{"cameraMode":{"drawMode":0,"name":"Shaded","section":"Shading Mode"},"sceneLighting":true,"audioPlay":false,"sceneViewState":{"showFog":true,"showMaterialUpdate":false,"showSkybox":true,"showFlares":true,"showImageEffects":true,"showParticleSystems":true},"in2DMode":false,"pivot":{"x":8.549474716186524,"y":5.116786956787109,"z":7.540584564208984},"rotation":{"x":-0.40166446566581728,"y":0.23208826780319215,"z":-0.10599280148744583,"w":-0.8795261979103088},"size":299.5649719238281,"orthographic":false}