{"cameraMode":{"drawMode":0,"name":"Shaded","section":"Shading Mode"},"sceneLighting":true,"audioPlay":false,"sceneViewState":{"showFog":true,"showMaterialUpdate":false,"showSkybox":true,"showFlares":true,"showImageEffects":true,"showParticleSystems":true},"in2DMode":false,"pivot":{"x":-0.0050067901611328129,"y":1.8322601318359376,"z":0.0},"rotation":{"x":0.2122555822134018,"y":-0.011726291850209237,"z":0.002547485288232565,"w":0.9771405458450317},"size":32.04684066772461,"orthographic":false}