{"cameraMode":{"drawMode":0,"name":"Shaded","section":"Shading Mode"},"sceneLighting":true,"audioPlay":false,"sceneViewState":{"showFog":true,"showMaterialUpdate":false,"showSkybox":true,"showFlares":true,"showImageEffects":true,"showParticleSystems":true},"in2DMode":false,"pivot":{"x":11.473352432250977,"y":-6.516363143920898,"z":4.089998722076416},"rotation":{"x":0.4247947633266449,"y":-0.28337207436561587,"z":0.14195257425308228,"w":0.8479971289634705},"size":25.25611114501953,"orthographic":false}