{"cameraMode":{"drawMode":0,"name":"Shaded","section":"Shading Mode"},"sceneLighting":false,"audioPlay":false,"sceneViewState":{"showFog":true,"showMaterialUpdate":false,"showSkybox":true,"showFlares":true,"showImageEffects":true,"showParticleSystems":true},"in2DMode":false,"pivot":{"x":185.41201782226563,"y":197.69412231445313,"z":-33.5648193359375},"rotation":{"x":-0.05186143144965172,"y":-0.022469336166977884,"z":0.0011652358807623387,"w":-0.9984008073806763},"size":667.3900146484375,"orthographic":false}