{"cameraMode":{"drawMode":0,"name":"Shaded","section":"Shading Mode"},"sceneLighting":false,"audioPlay":false,"sceneViewState":{"showFog":true,"showMaterialUpdate":false,"showSkybox":true,"showFlares":true,"showImageEffects":true,"showParticleSystems":true},"in2DMode":false,"pivot":{"x":378.39532470703127,"y":84.14424133300781,"z":-18.14300537109375},"rotation":{"x":-0.018704887479543687,"y":0.1419914811849594,"z":-0.002685552230104804,"w":-0.9896875023841858},"size":258.41796875,"orthographic":false}