{"cameraMode":{"drawMode":0,"name":"Shaded","section":"Shading Mode"},"sceneLighting":false,"audioPlay":false,"sceneViewState":{"showFog":true,"showMaterialUpdate":false,"showSkybox":true,"showFlares":true,"showImageEffects":true,"showParticleSystems":true},"in2DMode":false,"pivot":{"x":528.7590942382813,"y":269.45458984375,"z":-3.9969656467437746},"rotation":{"x":0.08180799335241318,"y":0.0003101297188550234,"z":-0.00003267178908572532,"w":0.9966481328010559},"size":304.1039123535156,"orthographic":false}