{"cameraMode":{"drawMode":0,"name":"Shaded","section":"Shading Mode"},"sceneLighting":false,"audioPlay":false,"sceneViewState":{"showFog":true,"showMaterialUpdate":false,"showSkybox":true,"showFlares":true,"showImageEffects":true,"showParticleSystems":true},"in2DMode":false,"pivot":{"x":0.016806721687316896,"y":1.8335028886795045,"z":-0.0000019073486328125},"rotation":{"x":0.21074379980564118,"y":0.02345873787999153,"z":-0.005059062968939543,"w":0.9772467017173767},"size":3.405669689178467,"orthographic":false}