{"cameraMode":{"drawMode":0,"name":"Shaded","section":"Shading Mode"},"sceneLighting":false,"audioPlay":false,"sceneViewState":{"showFog":true,"showMaterialUpdate":false,"showSkybox":true,"showFlares":true,"showImageEffects":true,"showParticleSystems":true},"in2DMode":false,"pivot":{"x":-5.960464477539063e-8,"y":1.039398193359375,"z":-0.10032442212104798},"rotation":{"x":-0.07803891599178314,"y":0.5040502548217773,"z":0.04578252136707306,"w":0.8589221835136414},"size":5.493022918701172,"orthographic":false}