{"cameraMode":{"drawMode":0,"name":"Shaded","section":"Shading Mode"},"sceneLighting":false,"audioPlay":false,"sceneViewState":{"showFog":true,"showMaterialUpdate":false,"showSkybox":true,"showFlares":true,"showImageEffects":true,"showParticleSystems":true},"in2DMode":false,"pivot":{"x":0.0,"y":1.8322601318359376,"z":0.32499992847442629},"rotation":{"x":-0.036675091832876208,"y":0.7965395450592041,"z":-0.0485692135989666,"w":-0.6015153527259827},"size":11.863588333129883,"orthographic":false}