{"cameraMode":{"drawMode":0,"name":"Shaded","section":"Shading Mode"},"sceneLighting":false,"audioPlay":false,"sceneViewState":{"showFog":true,"showMaterialUpdate":false,"showSkybox":true,"showFlares":true,"showImageEffects":true,"showParticleSystems":true},"in2DMode":false,"pivot":{"x":-0.08499801158905029,"y":0.9199455976486206,"z":-0.04548273980617523},"rotation":{"x":0.24661482870578767,"y":0.6284560561180115,"z":-0.2201177030801773,"w":0.7041109800338745},"size":4.557528972625732,"orthographic":false}