{"cameraMode":{"drawMode":0,"name":"Shaded","section":"Shading Mode"},"sceneLighting":false,"audioPlay":false,"sceneViewState":{"showFog":true,"showMaterialUpdate":false,"showSkybox":true,"showFlares":true,"showImageEffects":true,"showParticleSystems":true},"in2DMode":false,"pivot":{"x":266.53729248046877,"y":97.58392333984375,"z":-51.8291015625},"rotation":{"x":-0.14437821507453919,"y":0.013356468640267849,"z":-0.001950822421349585,"w":-0.9894305467605591},"size":183.2666015625,"orthographic":false}