{"cameraMode":{"drawMode":0,"name":"Shaded","section":"Shading Mode"},"sceneLighting":false,"audioPlay":false,"sceneViewState":{"showFog":true,"showMaterialUpdate":false,"showSkybox":true,"showFlares":true,"showImageEffects":true,"showParticleSystems":true},"in2DMode":false,"pivot":{"x":-0.0050067901611328129,"y":1.8322601318359376,"z":0.0},"rotation":{"x":-0.22835735976696015,"y":0.6933271884918213,"z":-0.24869099259376527,"w":-0.6366342902183533},"size":7.148066997528076,"orthographic":false}