{"cameraMode":{"drawMode":0,"name":"Shaded","section":"Shading Mode"},"sceneLighting":false,"audioPlay":false,"sceneViewState":{"showFog":true,"showMaterialUpdate":false,"showSkybox":true,"showFlares":true,"showImageEffects":true,"showParticleSystems":true},"in2DMode":false,"pivot":{"x":2.9802322387695315e-8,"y":1.0,"z":1.0499999523162842},"rotation":{"x":0.0881493017077446,"y":-0.8311895132064819,"z":0.13789142668247224,"w":0.5313565135002136},"size":8.241211891174317,"orthographic":false}