{"cameraMode":{"drawMode":0,"name":"Shaded","section":"Shading Mode"},"sceneLighting":false,"audioPlay":false,"sceneViewState":{"showFog":true,"showMaterialUpdate":false,"showSkybox":true,"showFlares":true,"showImageEffects":true,"showParticleSystems":true},"in2DMode":false,"pivot":{"x":0.0,"y":1.8322601318359376,"z":0.32499992847442629},"rotation":{"x":-0.03174319118261337,"y":0.9527338147163391,"z":-0.10705922544002533,"w":-0.28254032135009768},"size":5.645280838012695,"orthographic":false}