{"cameraMode":{"drawMode":0,"name":"Shaded","section":"Shading Mode"},"sceneLighting":false,"audioPlay":false,"sceneViewState":{"showFog":true,"showMaterialUpdate":false,"showSkybox":true,"showFlares":true,"showImageEffects":true,"showParticleSystems":true},"in2DMode":false,"pivot":{"x":756.3860473632813,"y":71.65170288085938,"z":0.5687255859375},"rotation":{"x":-0.023388035595417024,"y":0.025488806888461114,"z":-0.0005984157905913889,"w":-0.9994013905525208},"size":897.72705078125,"orthographic":false}