{"cameraMode":{"drawMode":0,"name":"Shaded","section":"Shading Mode"},"sceneLighting":true,"audioPlay":false,"sceneViewState":{"showFog":true,"showMaterialUpdate":false,"showSkybox":true,"showFlares":true,"showImageEffects":true,"showParticleSystems":true},"in2DMode":false,"pivot":{"x":0.0012696385383605958,"y":0.887908399105072,"z":-0.022485047578811647},"rotation":{"x":-0.02964841015636921,"y":0.9700109958648682,"z":-0.15703751146793366,"w":-0.18313643336296082},"size":3.286681890487671,"orthographic":false}