{"cameraMode":{"drawMode":0,"name":"Shaded","section":"Shading Mode"},"sceneLighting":false,"audioPlay":false,"sceneViewState":{"showFog":true,"showMaterialUpdate":false,"showSkybox":true,"showFlares":true,"showImageEffects":true,"showParticleSystems":true},"in2DMode":false,"pivot":{"x":0.004647016525268555,"y":0.5407872200012207,"z":-0.01894456148147583},"rotation":{"x":0.060256652534008029,"y":-0.6425945162773132,"z":0.05080532282590866,"w":0.7621419429779053},"size":2.740532875061035,"orthographic":false}