{"cameraMode":{"drawMode":0,"name":"Shaded","section":"Shading Mode"},"sceneLighting":true,"audioPlay":false,"sceneViewState":{"showFog":true,"showMaterialUpdate":false,"showSkybox":true,"showFlares":true,"showImageEffects":true,"showParticleSystems":true},"in2DMode":false,"pivot":{"x":27.24724578857422,"y":1.3170058727264405,"z":-43.28239059448242},"rotation":{"x":0.23780035972595216,"y":0.358110249042511,"z":-0.09484244138002396,"w":0.8978936672210693},"size":27.332386016845704,"orthographic":false}