{"cameraMode":{"drawMode":0,"name":"Shaded","section":"Shading Mode"},"sceneLighting":false,"audioPlay":false,"sceneViewState":{"showFog":true,"showMaterialUpdate":false,"showSkybox":true,"showFlares":true,"showImageEffects":true,"showParticleSystems":true},"in2DMode":false,"pivot":{"x":0.0,"y":1.8322601318359376,"z":0.32499992847442629},"rotation":{"x":-0.00030475141829811037,"y":0.939955472946167,"z":-0.0008454578928649426,"w":-0.34129607677459719},"size":5.645280838012695,"orthographic":false}