{"cameraMode":{"drawMode":0,"name":"Shaded","section":"Shading Mode"},"sceneLighting":false,"audioPlay":false,"sceneViewState":{"showFog":true,"showMaterialUpdate":false,"showSkybox":true,"showFlares":true,"showImageEffects":true,"showParticleSystems":true},"in2DMode":false,"pivot":{"x":-0.0050067901611328129,"y":1.8322601318359376,"z":0.0},"rotation":{"x":-0.048623163253068927,"y":0.6248480081558228,"z":-0.03904144838452339,"w":-0.7782521843910217},"size":8.75406551361084,"orthographic":false}