{"cameraMode":{"drawMode":0,"name":"Shaded","section":"Shading Mode"},"sceneLighting":false,"audioPlay":false,"sceneViewState":{"showFog":true,"showMaterialUpdate":false,"showSkybox":true,"showFlares":true,"showImageEffects":true,"showParticleSystems":true},"in2DMode":false,"pivot":{"x":-2.920741558074951,"y":0.0,"z":-0.022709956392645837},"rotation":{"x":0.45056459307670596,"y":-0.001339194132015109,"z":0.000675829651299864,"w":0.8927434086799622},"size":4.4355340003967289,"orthographic":false}