{"cameraMode":{"drawMode":0,"name":"Shaded","section":"Shading Mode"},"sceneLighting":false,"audioPlay":false,"sceneViewState":{"showFog":true,"showMaterialUpdate":false,"showSkybox":true,"showFlares":true,"showImageEffects":true,"showParticleSystems":true},"in2DMode":false,"pivot":{"x":0.7533590793609619,"y":3.000051259994507,"z":-2.6039228439331056},"rotation":{"x":0.1675587147474289,"y":-0.4521706700325012,"z":0.08691360056400299,"w":0.8717292547225952},"size":19.445863723754884,"orthographic":true}