{"cameraMode":{"drawMode":0,"name":"Shaded","section":"Shading Mode"},"sceneLighting":true,"audioPlay":false,"sceneViewState":{"showFog":true,"showMaterialUpdate":false,"showSkybox":true,"showFlares":true,"showImageEffects":true,"showParticleSystems":true},"in2DMode":false,"pivot":{"x":351.3157958984375,"y":197.56341552734376,"z":194.7523193359375},"rotation":{"x":0.21190153062343598,"y":-0.2035096287727356,"z":0.04518236592411995,"w":0.9547985196113586},"size":1261.3341064453125,"orthographic":false}