{"cameraMode":{"drawMode":0,"name":"Shaded","section":"Shading Mode"},"sceneLighting":false,"audioPlay":false,"sceneViewState":{"showFog":true,"showMaterialUpdate":false,"showSkybox":true,"showFlares":true,"showImageEffects":true,"showParticleSystems":true},"in2DMode":false,"pivot":{"x":9.5367431640625e-7,"y":0.0,"z":-0.000001430511474609375},"rotation":{"x":0.3988356292247772,"y":-0.07962311804294586,"z":0.03478670120239258,"w":0.9128966331481934},"size":42.86827850341797,"orthographic":false}